{"dist": 2814.1148255197004, "alpha": 1.6754895996193808, "beta": 6.3402209097741205, "q": 9.81584372130092, "rho": 0.432815611611567}